{
    "plane": {
        "2": [
            0.07644999772310257,
            0.5965611338615417
        ],
        "4": [
            0.2355666607618332,
            0.7784666419029236
        ],
        "8": [
            0.688011109828949,
            0.9642555713653564
        ]
    },
    "car": {
        "2": [
            0.00571111124008894,
            0.19094444811344147
        ],
        "4": [
            0.05010555684566498,
            0.4675277769565582
        ],
        "8": [
            0.8351500034332275,
            0.9882388710975647
        ]
    },
    "bird": {
        "2": [
            0.06741110980510712,
            0.76583331823349
        ],
        "4": [
            0.2997666597366333,
            0.9232110977172852
        ],
        "8": [
            0.8521111011505127,
            0.9994944334030151
        ]
    },
    "cat": {
        "2": [
            0.05305555462837219,
            0.8969722390174866
        ],
        "4": [
            0.4056888818740845,
            0.9810166954994202
        ],
        "8": [
            0.9319999814033508,
            0.9999722242355347
        ]
    }
}